Strategy,Cumulative Return (%),Annualized Return (%),Annualized Volatility (%),Sharpe Ratio,Sortino Ratio,Maximum Drawdown (%),Final Portfolio Value
Buy and Hold,56.69803847425419,29.7449374869581,31.005968716439302,0.8948256943911508,1.329802962013565,-30.876638453705425,156541.49697727693
SMA Crossover (20/50),18.575077374851823,10.38207764180832,10.574615465627,0.7926602786696527,1.2522205746679809,-6.699473486952084,118575.07737485183
