Strategy,Cumulative Return (%),Annualized Return (%),Annualized Volatility (%),Sharpe Ratio,Maximum Drawdown (%),Final Portfolio Value
Buy and Hold,62.79653751460677,32.88001817478803,33.57050669126176,0.9794316892274778,-32.82198874516148,162633.90442714625
SMA Crossover (20/50),20.1971835003798,11.328152822385462,11.379231653544334,0.9955112144417868,-7.126085098456025,120197.1835003798
